ADLY,,,,,,,
Защиты ATV и UTV,Adly 600 U (5 частей),2011-,444.8301.1,шт,11500,9500,13500
Радиатор,Adly 600 U 1 ч.,,4.8301.1-1,шт,1650,1650,2350
Центр + пороги,Adly 600 U 2 ч.,,4.8301.1-2,шт,5200,5200,7400
Экран 3,Adly 600 U 3 ч.,,4.8301.1-3,шт,1500,1500,2200
Передние рычаги,Adly 600 U Передние рычаги,,4.8301.1-4,шт,2100,2100,3000
Задние рычаги,Adly 600 U Задние рычаги,,4.8301.1-5,шт,2100,2100,3000
APACHE,,,,,,,
Защиты ATV и UTV,Apache 400 совместима с Stels ATV 700 Hsun/ 500 H / 450 H (4мм),2012-,444.6712.2,шт,8400,8400,11800
ARCTIC CAT,,,,,,,
Защиты ATV и UTV,Arctic CAT ATV 1000/700/550/500 i/XT/Ltd,2011-,444.7312.1,шт,12600,12600,16700
Экран 1,Arctic CAT ATV 1000/700/550/500 i/XT/Ltd ч.1,,4.7312.1-1,шт,2500,2500,3800
Экран 2,Arctic CAT ATV 1000/700/550/500 i/XT/Ltd ч.2,,4.7312.1-2,шт,2200,2200,3300
Центр + пороги,Arctic CAT ATV 1000/700/550/500 i/XT/Ltd ч.3,,4.7312.1-3,шт,5000,5000,7500
Экран 4,Arctic CAT ATV 1000/700/550/500 i/XT/Ltd ч.4,,4.7312.1-4,шт,1000,1000,1500
Передние рычаги,Arctic CAT ATV 1000/700/550/500 i/XT/Ltd передние рычаги,,4.7312.1-5,шт,2500,2500,3800
Задние рычаги,Arctic CAT ATV 1000/700/550/500 i/XT/Ltd задние рычаги,,4.7312.1-6,шт,2500,2500,3800
Защиты ATV и UTV,Arctic CAT  ATV 700/500 TRV (7 частей),2011-,444.7302.5,шт,12600,12600,16700
Радиатор,Arctic CAT  ATV 700/500 TRV S ч.1,,4.7302.5-1,шт,2500,2500,3800
Экран 2,Arctic CAT  ATV 700/500 TRV S ч.2,,4.7302.5-2,шт,2100,2100,3200
Центр + пороги,Arctic CAT  ATV 700/500 TRV S ч.3,,4.7302.5-3,шт,6500,6500,9800
Экран 4,Arctic CAT  ATV 700/500 TRV S ч.4,,4.7302.5-4,шт,1600,1600,2400
Экран 5,Arctic CAT  ATV 700/500 TRV S ч.5,,4.7302.5-5,шт,1350,1350,2000
Передние рычаги,Arctic CAT  ATV 700/500 TRV S передние рычаги,,4.7302.5-6,шт,2500,2500,3800
Задние рычаги,Arctic CAT  ATV 700/500 TRV S задние рычаги,,4.7302.5-7,шт,2500,2500,3800
Защиты ATV и UTV,Arctic CAT  ATV TRV 1000 S,2011-,444.7308.2,шт,12600,12600,16700
Радиатор,Arctic CAT  ATV TRV 1000 S ч.1,,4.7308.2-1,шт,2050,2050,2900
Экран 2,Arctic CAT  ATV TRV 1000 S ч.2,,4.7308.2-2,шт,1750,1750,2300
Центр + пороги,Arctic CAT  ATV TRV 1000 S ч.3,,4.7308.2-3,шт,5000,5000,6700
Экран 4,Arctic CAT  ATV TRV 1000 S ч.4,,4.7308.2-4,шт,1560,1560,2100
Экран 5,Arctic CAT  ATV TRV 1000 S ч.5,,4.7308.2-5,шт,1350,1350,1680
Передние рычаги,Arctic CAT  ATV TRV 1000 S передние рычаги,,4.7308.2-6,шт,2200,2200,2900
Задние рычаги,Arctic CAT  ATV TRV 1000 S задние рычаги,,4.7308.2-7,шт,2200,2200,2900
Защиты ATV и UTV,Arctic Cat UTV Prowler 700 HDX (5 частей) ,2011-,444.7305.1,шт,17500,17500,24500
Радиатор,Arctic Cat UTV Prowler 700 HDX ч. 1,,4.7305.1-1,шт,3950,3950,5750
Центр + пороги,Arctic Cat UTV Prowler 700 HDX ч. 2,,4.7305.1-2,шт,7100,7100,10300
Экран 3,Arctic Cat UTV Prowler 700 HDX ч. 3,,4.7305.1-3,шт,4350,4350,6250
Передние рычаги,Arctic Cat UTV Prowler 700 HDX передние рычаги,,4.7305.1-4,шт,1900,1900,2750
Задние рычаги,Arctic Cat UTV Prowler 700 HDX задние рычаги,,4.7305.1-5,шт,1700,1700,2400
Защиты ATV и UTV,Arctic Cat UTV Prowler 700 XTX ,2010-,444.7303.1,шт,17500,17500,24500
Защиты ATV и UTV,Arctic Cat ATV 700 MUD PRO  (6 частей) ,2011-,444.7306.3,шт,12600,12600,16700
Радиатор,Arctic Cat ATV 700 MUD PRO  ч. 1,,4.7306.3-1,шт,2450,2450,3600
Экран 2,Arctic Cat ATV 700 MUD PRO  ч. 2,,4.7306.3-2,шт,1900,1900,2800
Центр + пороги,Arctic Cat ATV 700 MUD PRO  ч. 3,,4.7306.3-3,шт,5700,5700,8500
Экран 4,Arctic Cat ATV 700 MUD PRO  ч. 4,,4.7306.3-4,шт,1350,1350,2000
Передние рычаги,Arctic Cat ATV 700 MUD PRO  передние рычаги,,4.7306.3-5,шт,2150,2150,3200
Задние рычаги,Arctic Cat ATV 700 MUD PRO  задние рычаги,,4.7306.3-6,шт,2050,2050,3100
Защиты ATV и UTV,Arctic CAT ATV MUDPRO 1000 (7 частей),2011-,444.7307.2,шт,12600,12600,16700
Радиатор,Arctic CAT ATV MUDPRO 1000 ч. 1,,4.7307.2-1,шт,2050,2050,2900
Экран 2,Arctic CAT ATV MUDPRO 1000 ч. 2,,4.7307.2-2,шт,1750,1750,2300
Центр + пороги,Arctic CAT ATV MUDPRO 1000 ч. 3,,4.7307.2-3,шт,5000,5000,6700
Экран 4,Arctic CAT ATV MUDPRO 1000 ч. 4,,4.7307.2-4,шт,1560,1560,2100
Экран 5,Arctic CAT ATV MUDPRO 1000 ч. 5,,4.7307.2-5,шт,1350,1350,1680
Передние рычаги,Arctic CAT ATV MUDPRO 1000 передние рычаги,,4.7307.2-6,шт,2200,2200,2900
Задние рычаги,Arctic CAT ATV MUDPRO 1000 задние рычаги,,4.7307.2-7,шт,2200,2200,2900
Защиты ATV и UTV,WILDCAT 1000,2011-,444.7310.1,шт,19700,19700,25500
Радиатор,WILDCAT 1000 ч.1,,4.7310.1-1,шт,2400,2400,3200
Центр + пороги,WILDCAT 1000 ч.2,,4.7310.1-2,шт,11700,11700,15500
Экран 3,WILDCAT 1000 ч.3,,4.7310.1-3,шт,3800,3800,5000
Передние рычаги,WILDCAT 1000 Передние рычаги,,4.7310.1-4,шт,4300,4300,5600
Задние рычаги,WILDCAT 1000 Задние рычаги,,4.7310.1-5,шт,2300,2300,3100
Крыша ,WILDCAT 1000,2011-,444.7311.1,шт,6900,6900,9500
Площадка для снегоотвала,"Arctic Cat 500/ 700, 1000 TRV-S, MUD PRO",2011-,444.6721.2,шт,1100,1100,1700
BALTMOTORS,,,,,,,
Защиты ATV и UTV,Baltmotors-SMC Jumbo 700,2012-,444.8502.2,шт,9900,8700,11700
Радиатор,Baltmotors-SMC Jumbo 700 ч.1,,4.8502.2-1,шт,2400,2400,3800
Центр + пороги,Baltmotors-SMC Jumbo 700 ч.2,,4.8502.2-2,шт,4500,4500,7100
Экран 3,Baltmotors-SMC Jumbo 700 ч.3,,4.8502.2-3,шт,2100,2100,3200
Передние рычаги,Baltmotors-SMC Jumbo 700 Передние рычаги,,4.8502.2-4,шт,1800,1800,2900
Задние рычаги,Baltmotors-SMC Jumbo 700 Задние рычаги,,4.8502.2-5,шт,2000,2000,3200
Защиты ATV и UTV,Baltmotors-SMC Jumbo 700 MAX,2012-,444.8501.2,шт,9900,8700,11700
Радиатор,Baltmotors-SMC Jumbo 700 MAX ч.1,,4.8501.2-1,шт,2400,2400,3800
Центр + пороги,Baltmotors-SMC Jumbo 700 MAX ч.2,,4.8501.2-2,шт,4700,4700,7300
Экран 3,Baltmotors-SMC Jumbo 700 MAX ч.3,,4.8501.2-3,шт,2200,2200,3400
Передние рычаги,Baltmotors-SMC Jumbo 700 MAX Передние рычаги,,4.8501.2-4,шт,1800,1800,2900
Задние рычаги,Baltmotors-SMC Jumbo 700 MAX Задние рычаги,,4.8501.2-5,шт,2000,2000,3200
BRP(Can-Am),,,,,,,
Защиты ATV и UTV,Outlander ATV 1000/800/650/500 ,2013-,444.7212.4,шт,12900,12900,18500
Экран 1,Outlander ATV 1000/800/650/500 ч.1,,4.7212.4-1 ,шт,3400,3400,4700
Экран 2,Outlander ATV 1000/800/650/500 ч.2,,4.7212.4-2,шт,1250,1250,1800
Экран 3,Outlander ATV 1000/800/650/500 ч.3,,4.7212.4-3,шт,10100,10100,14100
Экран 4,Outlander ATV 1000/800/650/500 ч.4,,4.7212.4-4,шт,1000,1000,1400
Экран 5,Outlander ATV 1000/800/650/500 ч.5,,4.7212.4-5,шт,3600,3600,5000
Передние рычаги,Outlander ATV 1000/800/650/500 Передние рычаги,,4.7212.4-6,шт,2700,2700,3800
Задние рычаги,Outlander ATV 1000/800/650/500 Задние рычаги,,4.7212.4-7,шт,2500,2500,3500
Защиты ATV и UTV,Outlander L,2015-,444.7220.1,шт,10500,10500,14900
Экран 1,Outlander L ч.1,,4.7220.1-1,шт,1700,1700,2400
Экран 2,Outlander L ч.2,,4.7220.1-2,шт,1000,1000,1400
Экран 3,Outlander L ч.3,,4.7220.1-3,шт,6500,6500,9100
"Экран 4, 5","Outlander L ч.4, 5",,"4.7220.1-4,5",шт,3300,3300,4600
Передние рычаги,Outlander L Передние рычаги,,4.7220.1-6,шт,2000,2000,2800
Защиты ATV и UTV,Outlander ATV 400,2011-,444.7203.2,шт,12000,12000,17000
Радиатор,Outlander ATV 400 ч.1,,4.7203.2-1,шт,1800,1800,2900
Центр + пороги,Outlander ATV 400 ч.2,,"4.7203.2-2, 4.7203.2-4",шт,5800,5800,9050
Внутренние шрусы,Outlander ATV 400 ч.3,,4.7203.2-3,шт,1400,1400,2200
Передние рычаги,Outlander ATV 400 передние рычаги,,4.7203.2-5,шт,3000,3000,4600
Задние рычаги,Outlander ATV 400 задние рычаги,,4.7203.2-6,шт,1500,1500,2300
Защиты ATV и UTV,Outlander ATV 650 max,2011-2012,444.7202.1,шт,12500,12500,17900
Защиты ATV и UTV,Outlander ATV 800 max,2011-2012,444.7202.1,шт,12500,12500,17900
Защиты ATV и UTV,Outlander ATV 800/650/400 передних рычагов (пара) AL,,4.7202.1-6,шт,3330,3330,4200
Защиты ATV и UTV,Outlander ATV Renegade G1,2011-2012,444.7201.1,шт,11500,11500,16500
Защиты ATV и UTV,Outlander ATV Renegade G2,2013-,444.7221.1,шт,,12000,18000
Передние рычаги,Outlander ATV Renegade G2 Передние рычаги,,4.7221.1-5,шт,,2600,3900
Задние рычаги,Outlander ATV Renegade G2 Задние рычаги,,4.7221.1-6,шт,,3600,5000
Защиты ATV и UTV,Commander 1000 XT-P,2015-,444.7219.1,шт,18000,18000,25000
Экран 1,UTV BRP Commander 1000 XT-P ч.1,,4.7219.1-1,шт,2200,2200,3100
Экран 2,UTV BRP Commander 1000 XT-P ч.2,,4.7219.1-2,шт,7200,7200,10000
Экран 3,UTV BRP Commander 1000 XT-P ч.3,,4.7219.1-3,шт,2000,2000,2800
Пороги,UTV BRP Commander 1000 XT-P Пороги,,4.7219.1-4,шт,5800,5800,8200
Передние рычаги,UTV BRP Commander 1000 XT-P Передние рычаги,,4.7219.1-5,шт,2000,2000,2800
Защиты ATV и UTV,Commander 1000 (5 частей),2011-2014,444.7204.2,шт,17300,17300,24700
Радиатор,Commander 1000 ч.1,,4.7204.2-1,шт,3570,3570,5700
Центр ,Commander 1000 ч.2,,4.7204.2-2,шт,7800,7800,12480
Экран 3 (задняя),Commander 1000 ч.3,,4.7204.2-3,шт,2280,2280,3650
Экран 4 (пара),Commander 1000 ч.4 (пара),,4.7204.2-4,шт,3800,3800,6050
Передние рычаги,Commander 1000 передние рычаги,,4.7204.2-5,шт,2150,2150,3450
Защиты ATV и UTV,Can-Am Maverick,2013-,444.7207.2,шт,22700,22700,32000
Радиатор,Can-Am Maverick ч.1,,4.7207.2-1,шт,5500,5500,7700
Центр ,Can-Am Maverick ч.2,,4.7207.2-2,шт,6300,6300,8800
Экран 3 (задняя),Can-Am Maverick ч.3,,4.7207.2-3,шт,2200,2200,3100
Пороги,Can-Am Maverick ч.4,,4.7207.2-4,шт,6400,6400,9000
Передние рычаги,Can-Am Maverick Передние рычаги,,4.7207.2-5,шт,3400,3400,4800
Задние рычаги,Can-Am Maverick Задние рычаги,,4.7207.2-6,шт,3700,3700,5200
Защиты ATV и UTV,Can-Am Maverick 1000 X DS DPS,2015-,444.7218.1,шт,22700,22700,32000
Радиатор,Can-Am Maverick 1000 X DS DPS ч.1,,4.7218.1-1,шт,5400,5400,7600
Центр ,Can-Am Maverick 1000 X DS DPS ч.2,,4.7218.1-2,шт,6300,6300,8800
Экран 3 (задняя),Can-Am Maverick 1000 X DS DPS ч.3,,4.7218.1-3,шт,2900,2900,4100
Пороги,Can-Am Maverick 1000 X DS DPS Пороги,,4.7218.1-4,шт,6400,6400,9000
Передние рычаги,Can-Am Maverick 1000 X DS DPS Передние рычаги,,4.7218.1-5,шт,2900,2900,4100
Задние рычаги,Can-Am Maverick 1000 X DS DPS Задние рычаги,,4.7218.1-6,шт,4000,4000,5600
Бампер,Can-Am Maverick,2013-,444.7209.2,шт,4800,3700,5200
Крыша ,Can-Am Maverick,2013-,444.7210.3,шт,10900,10900,15500
Кронштейн лебедки,Can-Am Maverick,2013-,444.7211.2,шт,2800,2800,4500
Кронштейн лебедки,"Can-Am Maverick (на бампер ""PRE RUNNER"")",2013-,444.7215.1,шт,2800,2800,4500
Площадка для снегоотвала,Outlander ATV 1000/800/650/500 ,2013-,444.7213.1,шт,1400,1400,2500
CECTEK,,,,,,,
Защиты ATV и UTV,Cectek Gladiator ATV EFI EVO,2011-,444.7801.2,шт,11900,10500,14800
Защиты ATV и UTV,Cectek Kingcobra ATV EFI EVO,2011-,444.7802.1,шт,11900,10500,14800
CF MOTO,,,,,,,
Защиты ATV и UTV,CF MOTO ATV 500 А / 2A (5 частей),2011-,444.6806.2,шт,8400,8400,11500
Бампер,CF MOTO ATV 500-A basic бампер,2011-,444.6822.2,шт,3300,2900,4000
Защиты ATV и UTV,CF MOTO ATV X5 H.O.,2015-,444.6846.1,шт,9900,8800,11900
Защиты ATV и UTV,CF MOTO ATV X6/X5,2011-,444.6810.2,шт,9200,8600,11600
Радиатор,CF MOTO ATV X6 ч.1,,CF.0021-1,шт,1400,1400,2300
Центр + пороги,"CF MOTO ATV X6 ч.2,4,5",,"CF.0021-2, CF.0021-4, CF.0021-5",шт,5100,5100,8400
Экран 3,CF MOTO ATV X6 ч.3,,CF.0021-3,шт,1150,1150,1950
Передние рычаги,CF MOTO ATV X6 передние рычаги,,CF.0021-6,шт,1150,1150,1900
Задние рычаги,CF MOTO ATV X6 задние рычаги,,CF.0021-7,шт,1150,1150,1900
Бампер,CF MOTO ATV X6/X5 бампер,2011-,444.6823.2,шт,2900,2500,3500
Защиты ATV и UTV,CF MOTO ATV X8,2012-,444.6816.2,шт,10100,8800,11900
Радиатор,CF MOTO ATV X8 ч.1,,CF.0012-1,шт,2300,2300,3100
Экран 2,CF MOTO ATV X8 ч.2,,CF.0012-2,шт,1300,1300,1950
Центр + пороги,CF MOTO ATV X8 ч.3,,CF.0012-3,шт,4100,4100,6100
Экран 4,CF MOTO ATV X8 ч.4,,CF.0012-4,шт,1460,1460,2200
Передние рычаги,CF MOTO ATV X8 передние рычаги,,CF.0012-5,шт,1200,1200,1800
Задние рычаги,CF MOTO ATV X8 задние рычаги,,CF.0012-6,шт,1200,1200,1800
Защиты ATV и UTV,CF MOTO UTV Z8,2013-,444.6829.1,шт,15200,13800,18800
Защиты ATV и UTV,CF MOTO UTV SSV-625 Z6 ,2011-,444.6801.1,шт,14600,13800,18800
Радиатор,CF MOTO UTV Z6 ч.1,,CF.0050-1,шт,800,800,1200
Центр + пороги,CF MOTO UTV Z6 ч.2,,CF.0050-2,шт,9800,9800,14700
Экран 3,CF MOTO UTV Z6 ч.3,,CF.0050-3,шт,1200,1200,1800
Передние рычаги,CF MOTO UTV Z6 передние рычаги,,CF.0050-4,шт,1700,1700,2500
Задние рычаги,CF MOTO UTV Z6 задние рычаги,,CF.0050-5,шт,1500,1500,2300
Защиты ATV и UTV,CF UTV 500-3,2009-,444.6819.1,шт,15200,13800,18800
Радиатор,CF UTV 500-3 ч.1,,444.P6819.1-1,шт,2100,2100,3000
Центр + пороги,CF UTV 500-3 ч.2,,444.P6819.1-2,шт,8600,8600,12500
Экран 3,CF UTV 500-3 ч.3,,444.P6819.1-3,шт,1800,1800,2500
Передние рычаги,CF UTV 500-3 передние рычаги,,444.P6819.1-4,шт,1500,1500,2200
Задние рычаги,CF UTV 500-3 задние рычаги,,444.P6819.1-5,шт,1500,1500,2200
Защиты ATV и UTV,CF MOTO UTV Tracker 800,2013-2014,444.6821.2,шт,14500,13800,18800
Радиатор,CF MOTO UTV Tracker 800 ч.1,,CF.0071-1,шт,1450,1450,2050
Экран 2,CF MOTO UTV Tracker 800 ч.2,,CF.0071-2,шт,4900,4900,7000
Экран 3,CF MOTO UTV Tracker 800 ч.3,,CF.0071-3,шт,1300,1300,1850
Пороги,CF MOTO UTV Tracker 800 ч.4,,CF.0071-4,шт,5100,5100,7300
Передние рычаги,CF MOTO UTV Tracker 800 передние рычаги,,CF.0071-5,шт,1200,1200,1750
Задние рычаги,CF MOTO UTV Tracker 800 задние рычаги,,CF.0071-6,шт,1450,1450,2050
Защиты ATV и UTV,CF MOTO UTV Tracker 800-U8W,2014-,444.6841.1,шт,14600,13800,18800
Кронштейн лебедки ,CF MOTO ATV 500-A  Сталь  комплект крепежа для лебедки,2011-,444.6803.1,шт,700,700,1100
Ремкомплект,Ремкомплект CF MOTO,2011-,444.6858.1,шт,1500,1500,2500
Площадка для снегоотвала,CF MOTO все ATV,,4.0003.2,шт,800,800,1300
Площадка для снегоотвала,CF MOTO UTV Z8,2013-,444.6844.1,шт,1900,1900,2600
Площадка для снегоотвала,CF MOTO UTV CF800-U8 Tracker,2013-,444.6843.1,шт,1800,1800,2500
Шноркель,CF MOTO ATV X8 (комплект выноса рад. с шноркелями),2012-,444.6852.1,шт,,13000,18500
Шноркель,CF MOTO ATV X8 (комплект шноркелей),2012-,444.6853.1,шт,,7200,10300
Вынос радиатора,CF MOTO ATV X6/X5 (без установочного комплекта),2011-,444.6837.1,шт,6200,6200,8700
Вынос радиатора,CF MOTO ATV X6/X5 (с установочным комплектом),2011-,444.6838.1,шт,6600,6600,9200
Вынос радиатора,CF MOTO ATV X8 (без установочного комплекта),2012-,444.6834.1,шт,6400,6400,9000
Вынос радиатора,CF MOTO ATV X8 (с установочным комплектом),2012-,444.6835.1,шт,6800,6800,9500
HONDA,,,,,,,
Защиты ATV и UTV,Rancher TRX420FA,2009-2013,444.2101.1,шт,11900,11900,16900
Радиатор,TRX420FA ч.1,,4.2101.1-1,шт,3300,3300,4500
Центр + пороги,TRX420FA ч.2,,4.2101.1-2,шт,5100,5100,6900
Экран 3,TRX420FA ч.3,,4.2101.1-3,шт,2400,2400,3200
Передние рычаги,TRX420FA передние рычаги,,4.2101.1-4,шт,2000,2000,2700
Задние рычаги,TRX420FA задние рычаги,,4.2101.1-5,шт,1700,1700,2300
Защиты ATV и UTV,TRX 420/500 FA,2014-,444.2104.2,шт,14000,14000,19900
Защиты ATV и UTV,Foreman TRX500FA,2007-,444.2102.1,шт,10900,10900,15400
Радиатор,TRX500FA ч.1,,4.2102.1-1,шт,3300,3300,4400
Центр + пороги,TRX500FA ч.2,,4.2102.1-2,шт,5100,5100,8000
Экран 3,TRX500FA ч.3,,4.2102.1-3,шт,2400,2400,2900
Передние рычаги,TRX500FA ч.4,,4.2102.1-4,шт,2000,2000,2700
Защиты ATV и UTV,Rincon TRX680FA,2012-,444.2103.2,шт,12800,12800,17900
Радиатор,Rincon TRX680FA ч.1,,4.2103.1-1,шт,3900,3900,5500
Центр + пороги,Rincon TRX680FA ч.2,,4.2103.1-2,шт,4900,4900,6500
Экран 3,Rincon TRX680FA ч.3,,4.2103.1-3,шт,2100,2100,2800
Передние рычаги,Rincon TRX680FA передние рычаги,,4.2103.1-4,шт,2200,2200,3100
Задние рычаги,Rincon TRX680FA задние рычаги,,4.2103.1-5,шт,2200,2200,3100
Площадка для снегоотвала,Honda TRX 680 FA,2012-,4.0003.2,шт,800,800,1300
Вынос радиатора,Honda TRX 680 (с установочным комплектом),2011-,444.2106.1,шт,8000,8000,12000
 DISCOVERY,,,,,,,
Защиты baggi,Discovery,2013-,444.7601.1,шт,16800,15000,20800
Экран1,Jeep Discovery ч.1,,4.7601.1-1,шт,3200,3200,4900
Экран 2,Jeep Discovery ч.2,,4.7601.1-2,шт,4550,4550,7100
Экран 3,Jeep Discovery ч.3,,4.7601.1-3,шт,6100,6100,9500
Передние рычаги,Jeep Discovery передние рычаги,,4.7601.1-4,шт,2200,2200,3400
Задние рычаги,Jeep Discovery задние рычаги,,4.7601.1-5,шт,3100,3100,4800
Площадка для снегоотвала,Discovery,2013-,444.7602.1,шт,1200,1200,1800
KAWASAKI,,,,,,,
Защиты ATV и UTV,Kawasaki ATV KVF-750/650 ,2011-2012,444.6901.1,шт,11200,11200,15700
Радиатор,Kawasaki ATV KVF-750/650  1 ч.,,4.6901.1-1,шт,2000,2000,3000
Центр + пороги,Kawasaki ATV KVF-750/650  2 ч.,,"4.6901.1-2, 4.6901.1-4",шт,5200,5200,7600
Экран 3,Kawasaki ATV KVF-750/650  3 ч.,,4.6901.1-3,шт,1300,1300,1900
Передние рычаги,Kawasaki ATV KVF-750/650  Передние рычаги,,4.6901.1-6,шт,1550,1550,2300
Задние рычаги,Kawasaki ATV KVF-750/650  Задние рычаги,,4.6901.1-7,шт,2150,2150,3400
Защиты ATV и UTV,Kawasaki ATV KVF-750  BruteForce,2012-,444.6903.3,шт,11500,9900,13700
Радиатор,Kawasaki ATV KVF-750  1 ч.,,4.6903.2-1,шт,2000,2000,3000
Центр + пороги,Kawasaki ATV KVF-750  2 ч.,,4.6903.2-2,шт,5000,5000,7400
Экран 3,Kawasaki ATV KVF-750  3 ч.,,4.6903.2-3,шт,1300,1300,1900
Передние рычаги,Kawasaki ATV KVF-750  Передние рычаги,,4.6903.2-4,шт,1550,1550,2300
Задние рычаги,Kawasaki ATV KVF-750  Задние рычаги,,4.6903.2-5,шт,2450,2450,3600
Защиты ATV и UTV,Kawasaki UTV Teryx 750 ,2011-,444.6902.1,шт,16200,16200,22700
POLARIS,,,,,,,
Защиты ATV и UTV,Polaris ATV Sportsman  touring 500 H.O. (2-местный),2011-2013,444.7403.2,шт,11900,11900,16900
Радиатор,Polaris ATV Sportsman  touring 500 H.O. ч.1,,4.7403.2-1,шт,1820,1820,2440
Экран 2,Polaris ATV Sportsman  touring 500 H.O. ч.2,,4.7403.2-2,шт,1390,1390,1860
Центр + пороги,Polaris ATV Sportsman  touring 500 H.O. ч.3,,"4.7403.2-3, 4.7403.2-5, 4.7403.2-6",шт,6740,6740,9030
Экран 4,Polaris ATV Sportsman  touring 500 H.O. ч.4,,4.7403.2-4,шт,1390,1390,1860
Передние рычаги,Polaris ATV Sportsman  touring 500 H.O. Перед рыч.,,4.7403.2-7,шт,1820,1820,2440
Задние рычаги,Polaris ATV Sportsman  touring 500 H.O. Задн. рыч.,,4.7403.2-8,шт,1680,1680,2250
Защиты ATV,Polaris Sportsman touring ATV 570 ,2014-,444.7414.2,шт,12800,9900,13700
Радиатор,Polaris Sportsman touring ATV 570 ч.1,,4.7414.2-1,шт,1750,1750,2700
Экран 2,Polaris Sportsman touring ATV 570 ч.2,,4.7414.2-2,шт,2200,2200,3200
Экран 3,Polaris Sportsman touring ATV 570 ч.3,,4.7414.2-3,шт,4800,4800,7300
Экран 4,Polaris Sportsman touring ATV 570 ч.4,,4.7414.2-4,шт,2100,2100,3000
Экран 5,Polaris Sportsman touring ATV 570 ч.5,,4.7414.2-5,шт,1000,1000,1500
Экран 6,Polaris Sportsman touring ATV 570 ч.6,,4.7414.2-6,шт,1000,1000,1400
Передние рычаги,Polaris Sportsman touring ATV 570 Передние рычаги,,4.7414.2-7,шт,1800,1800,2600
Задние рычаги,Polaris Sportsman touring ATV 570 Задние рычаги,,4.7414.2-8,шт,1800,1800,2600
Защиты ATV и UTV,Polaris Sportsman ATV 800 forest/500 HO forest/ 400 HO (одноместный),2011-,444.7404.2,шт,11900,9900,13700
Радиатор,Polaris Sportsman ATV 800/500 Forest ч.1,,4.7404.2-1,шт,2000,2000,2700
Экран 2,Polaris Sportsman ATV 800/500 Forest ч.2,,4.7404.2-2,шт,1500,1500,2000
Центр + пороги,Polaris Sportsman ATV 800/500 Forest ч.3,,"4.7404.2-3, 4.7404.2-5, 4.7404.2-6",шт,6100,6100,8200
Экран 4,Polaris Sportsman ATV 800/500 Forest ч.4,,4.7404.2-4,шт,1800,1800,2500
Передние рычаги,Polaris Sportsman ATV 800/500 Forest пер. рычаги,,4.7404.2-7,шт,1800,1800,2500
Задние рычаги,Polaris Sportsman ATV 800/500 Forest задн. рычаги,,4.7404.2-8,шт,1800,1800,2500
Защиты ATV и UTV,Polaris Scrambler ATV 1000 (7 частей),2013-2014,444.7423.1,шт,14700,13900,19300
Экран 1,Polaris Scrambler 1000  ч.1,,4.7423.1-1,шт,1400,1400,1900
"Экран 2,3","Polaris Scrambler 1000  ч.2,3",,"4.7423.1-2, 4.7423.1-3",шт,4100,4100,5750
Экран 4,Polaris Scrambler 1000  ч.4,,4.7423.1-4,шт,2700,2700,4000
Пороги,Polaris Scrambler 1000  ч.5,,4.7423.1-5,шт,4500,4500,6300
Передние рычаги,Polaris Scrambler 1000  передние рычги,,4.7423.1-6,шт,2800,2800,3900
Задние рычаги,Polaris Scrambler 1000  задние рычги,,4.7423.1-7,шт,2600,2600,3600
Защиты ATV и UTV,Polaris Sportsman ATV touring 850 /550 efi  (2-местный),2011-,444.7401.4,шт,14900,13900,19300
Радиатор,Polaris Sportsman ATV touring 850/550 efi ч.1,,4.7401.4-1,шт,3000,3000,4200
Экран 2,Polaris Sportsman ATV touring 850/550 efi ч.2,,4.7401.4-2,шт,4300,4300,6000
Экран 3,Polaris Sportsman ATV touring 850/550 efi ч.3,,4.7401.4-3,шт,800,800,1100
Экран 4,Polaris Sportsman ATV touring 850/550 efi ч.4,,4.7401.4-4,шт,1600,1600,2200
Пороги,Polaris Sportsman ATV touring 850/550 efi ч.5,,4.7401.4-5,шт,4600,4600,6500
Передние рычаги,Polaris Sportsman ATV touring 850/550 efi передние рычаги,,4.7401.4-6,шт,2400,2400,3400
Задние рычаги,Polaris Sportsman ATV touring 850/550 efi задние рычаги,,4.7401.4-7,шт,2700,2700,3800
Защиты ATV и UTV,SPORTSMAN 6*6 800 EFI BIG BOSS,2013-,444.7411.1,шт,16100,13900,19300
Экран 1,SPORTSMAN 6*6 800 EFI BIG BOSS ч.1,,4.7411.1-1,шт,2600,2600,4000
Экран 2,SPORTSMAN 6*6 800 EFI BIG BOSS ч.2,,4.7411.1-2,шт,5400,5400,8500
Экран 3,SPORTSMAN 6*6 800 EFI BIG BOSS ч.3,,4.7411.1-3,шт,2400,2400,3700
Экран 4,SPORTSMAN 6*6 800 EFI BIG BOSS ч.4,,4.7411.1-4,шт,1950,1950,3500
Передние рычаги,SPORTSMAN 6*6 800 EFI BIG BOSS передние рычаги,,4.7411.1-5,шт,2100,2100,3600
Задние рычаги,SPORTSMAN 6*6 800 EFI BIG BOSS задние рычаги,,4.7411.1-6,шт,3300,3300,5100
Защиты ATV и UTV,Polaris UTV Ranger 400,2013-,444.7415.1,шт,19000,19000,26500
Экран 1,Polaris UTV Ranger 400 ч.1,,4.7415.1-1,шт,3600,3600,5200
Экран 2,Polaris UTV Ranger 400 ч.2,,4.7415.1-2,шт,3600,3600,5200
Экран 3,Polaris UTV Ranger 400 ч.3,,4.7415.1-3,шт,2300,2300,3400
Пороги,"Polaris UTV Ranger 400 ч.4,5",,"4.7415.1-4, 4.7415.1-5",шт,7000,7000,10200
Передние рычаги,Polaris UTV Ranger 400 ч.6,,4.7415.1-6,шт,2000,2000,2900
Задние рычаги,Polaris UTV Ranger 400 ч.7,,4.7415.1-7,шт,2000,2000,2900
Крыша ,Polaris UTV Ranger 400/570 Крыша,2013-,444.7417.1,шт,7900,7900,10900
Защиты UTV,Polaris UTV Ranger Crew 800,2013-,444.7416.1,шт,32900,32900,45900
Экран 1,Polaris UTV Ranger Crew 800 ч.1,,4.7416.1-1,шт,2400,2400,3800
Экран 2,Polaris UTV Ranger Crew 800 ч.2,,4.7416.1-2,шт,5400,5400,8100
Экран 3,Polaris UTV Ranger Crew 800 ч.3,,4.7416.1-3,шт,6000,6000,9000
Пороги,"Polaris UTV Ranger Crew 800 ч.4,5,6",,"4.7416.1-4, 4.7416.1-5, 4.7416.1-6",шт,13400,13400,20000
Передние рычаги,Polaris UTV Ranger Crew 800 ч.7,,4.7416.1-7,шт,2400,2400,3800
Задние рычаги,Polaris UTV Ranger Crew 800 ч.8,,4.7416.1-8,шт,2400,2400,3800
Защиты UTV,Polaris UTV Ranger 570,2013-,444.7418.1,шт,18000,18000,25200
Экран 1,Polaris UTV Ranger 570  ч.1,2013-,4.7418.1-1,шт,4800,4800,7000
Экран 2,Polaris UTV Ranger 570  ч.2,2013-,4.7418.1-2,шт,5300,5300,8000
Пороги,"Polaris UTV Ranger 570  ч.3, 4",2013-,"4.7418.1-3, 4.7418.1-4",шт,8000,8000,12000
Передние рычаги,Polaris UTV Ranger 570  ч.5,2013-,4.7418.1-5,шт,2200,2200,3300
Задние рычаги,Polaris UTV Ranger 570  ч.6,2013-,4.7418.1-6,шт,1700,1700,2550
Защиты ATV и UTV,Polaris UTV RZR 570 EFI,2012-,444.7407.2,шт,18000,18000,25200
Радиатор,RZR 570 EFI ч.1,,4.7407.2-1,шт,2500,2500,3600
Экран 2,RZR 570 EFI ч.2,,4.7407.2-2,шт,3600,3600,5200
Экран 3,RZR 570 EFI ч.3,,4.7407.2-3,шт,5600,5600,8200
Пороги,RZR 570 EFI ч.4,,4.7407.2-4,шт,4700,4700,6900
Передние рычаги,RZR 570 EFI передние рычаги,,4.7407.2-5,шт,1900,1900,2800
Задние рычаги,RZR 570 EFI задние рычаги,,4.7407.2-6,шт,1900,1900,2800
Защиты ATV и UTV,Polaris UTV RZR S 800 ,2011-,444.7402.2,шт,16900,16900,25200
Радиатор,Polaris UTV RZR S 800 ч. 1,,4.7402.1-1,шт,1950,1950,2860
Центр + пороги,Polaris UTV RZR S 800 ч. 2,,"4.7402.1-2, 4.7402.1-3, 4.7402.1-5",шт,11800,11800,17300
Экран 4,Polaris UTV RZR S 800 ч. 4,,4.7402.1-4,шт,1380,1380,2000
Передние рычаги,Polaris UTV RZR S 800 Передние рычаги,,4.7402.1-6,шт,2340,2340,3450
Задние рычаги,Polaris UTV RZR S 800 Задние рычаги,,4.7402.1-7,шт,2340,2340,3450
Защиты ATV и UTV,Polaris UTV RZR 800 EFI,2013-,444.7408.2,шт,16900,15500,21500
Радиатор, RZR 800 EFI ч.1,,4.7408.2-1,шт,2050,2050,3000
Экран 2, RZR 800 EFI ч.2,,4.7408.2-2,шт,3750,3750,5500
Экран 3, RZR 800 EFI ч.3,,4.7408.2-3,шт,3750,3750,5500
Экран 4, RZR 800 EFI ч.4,,4.7408.2-4,шт,1500,1500,2200
Пороги, RZR 800 EFI ч.5,,4.7408.2-5,шт,4900,4900,7200
Передние рычаги,RZR 800 EFI передние рычаги,,4.7408.2-6,шт,1950,1950,2900
Задние рычаги,RZR 800 EFI задние рычаги,,4.7408.2-7,шт,2050,2050,3000
Защиты ATV и UTV,Polaris UTV RZR XP 900 EFI,2011-,444.7405.2,шт,16900,16900,25200
Экран 1,RZR XP 900 ч. 1,,4.7405.2-1,шт,2700,2700,4000
Центр + пороги,RZR XP 900 ч. 2,,"4.7405.2-2, 4.7405.2-4",шт,10200,10200,14800
Экран 3,RZR XP 900 ч. 3,,4.7405.2-3,шт,5300,5300,7700
Передние рычаги,RZR XP 900 Передние рычаги,,4.7405.2-5,шт,3150,3150,4500
Защиты ATV и UTV,Polaris UTV Ranger XP 900 ,2011-,444.7410.1,шт,21900,21900,29900
Экран 1,Polaris UTV Ranger XP 900 ч.1,,4.7410.1-1,шт,3200,3200,5000
Экран 2,Polaris UTV Ranger XP 900 ч.2,,4.7410.1-2,шт,12500,12500,18000
Пороги,Polaris UTV Ranger XP 900 ч.3,,4.7410.1-3,шт,3200,3200,5000
Передние рычаги,Polaris UTV Ranger XP 900 передние рычаги,,4.7410.1-4,шт,2400,2400,3500
Задние рычаги,Polaris UTV Ranger XP 900 задние рычаги,,4.7410.1-5,шт,2600,2600,3800
Защиты ATV и UTV,Polaris UTV RZR 1000 ,2013-,444.7413.3,шт,18900,18900,26000
Бампер,Polaris UTV RZR 1000 ч.1,,4.7413.3-1,шт,2100,2100,5200
Экран 1,Polaris UTV RZR 1000 ч.2,,4.7413.3-2,шт,1700,1700,4300
Экран 2,Polaris UTV RZR 1000 ч.3,,4.7413.3-3,шт,10200,10200,14500
Экран 3,Polaris UTV RZR 1000 ч.4,,4.7413.3-4,шт,3800,3800,5200
Передние рычаги,Polaris UTV RZR 1000 передние рычаги,,4.7413.3-5,шт,3900,3900,5300
Кронштейн лебедки ,Кронштейн лебедки для Polaris Sportsman,2011-,444.7406.2,шт,1000,1000,1600
Кронштейн лебедки ,Кронштейн лебедки Polaris UTV Ranger 400/500/570 ,2011-,444.7427.1,шт,1200,1200,2000
Кронштейн лебедки ,Кронштейн лебедки Polaris UTV RZR 1000,2013-,444.7419.2,шт,1200,1200,2000
Площадка для снегоотвала,Polaris Sportsman touring ATV 570,2014-,444.7425.1,шт,1300,1300,2100
Площадка для снегоотвала,"Polaris Sportsman Touring  850,550/ Scrambler 1000",2011-,444.7424.1,шт,1200,1200,2000
Рейлинги,Рейлинги на снегоход Polaris 800 RMK 155 ,2013-,444.7412.1,шт,2500,2500,3500
SUZUKI,,,,,,,
Защиты ATV и UTV,KING QUAD LT-A750/ LT-A500 (5 частей),2011-,444.5501.2,шт,11900,11900,16700
Радиатор,KING QUAD LT-A750/ LT-A500 1 ч.,,4.5501.1-1,шт,2180,2180,3050
Центр + пороги,KING QUAD LT-A750/ LT-A500 2 ч.,,4.5501.1-2,шт,6480,6480,9080
Экран 3,KING QUAD LT-A750/ LT-A500 3 ч.,,4.5501.1-3,шт,1380,1380,1950
Передние рычаги,KING QUAD LT-A750/ LT-A500 передние рычаги,,4.5501.1-4,шт,1910,1910,2680
Задние рычаги,KING QUAD LT-A750/ LT-A500 задние рычаги,,4.5501.1-5,шт,1910,1910,2680
Кронштейн лебедки ,KING QUAD LT-A750/ LT-A500,2011-,444.5502.1,шт,850,850,1500
STELS,,,,,,,
Защиты ATV и UTV,Stels ATV Leopard 600,2014-,444.6720.1,шт,9400,8800,12600
Защиты ATV и UTV,Stels ATV Guepard,2015-,444.6725.1,шт,8800,8800,12600
Экран 1,Stels ATV Guepard ч.1,,4.6725.1-1,шт,2300,2300,3200
Экран 2,Stels ATV Guepard ч.2,,4.6725.1-2,шт,5300,5300,7400
Экран 3,Stels ATV Guepard ч.3,,4.6725.1-3,шт,1900,1900,2600
Передние рычаги,Stels ATV Guepard передние рычаги,,4.6725.1-4,шт,1500,1500,2100
Задние рычаги,Stels ATV Guepard задние рычаги,,4.6725.1-5,шт,1800,1800,2500
Защиты ATV и UTV,UTV 800 Hsun,2010-,444.6709.1,шт,12600,11600,15800
Защиты ATV и UTV,UTV 700 Hsun/500Hsun EFI ,2010-,444.6703.1,шт,8100,4500,6200
Защиты ATV и UTV,ATV 400 Hunter,2013-,444.6716.1,шт,8700,7800,10800
Экран 1,ATV 400 Hunter ч.1,,4.6716.1-1,шт,1950,1950,3100
Экран 2,ATV 400 Hunter ч.2,,4.6716.1-2,шт,3380,3380,5460
Передние рычаги,ATV 400 Hunter передние рычаги,,4.6716.1-3,шт,1500,1500,2400
Задние рычаги,ATV 400 Hunter задние рычаги,,4.6716.1-4,шт,1650,1650,2700
Защиты ATV и UTV,UTV 800 Dominator,2012-2013,444.6713.1,шт,15800,14800,19900
Радиатор,UTV 800 Dominator ч.1,,4.6713.1-1,шт,2700,2700,3800
Центр + пороги,UTV 800 Dominator ч.2,,"4.6713.1-2, 4.6713.1-4",шт,10500,10500,14700
Экран 3,UTV 800 Dominator ч.3,,4.6713.1-3,шт,1400,1400,2000
Передние рычаги,UTV 800 Dominator передние рычаги,,4.6713.1-5,шт,1450,1450,2000
Задние рычаги,UTV 800 Dominator задние рычаги,,4.6713.1-6,шт,1700,1700,2400
Бампер,UTV 800 Dominator Бампер,2012-2013,444.6714.1,шт,2500,2500,3500
Крыша ,UTV 800 Dominator Крыша,2012-,444.6717.1,шт,5300,5300,7400
Защиты ATV и UTV,ATV 800 Dinli ,2011-,444.6711.2,шт,9200,8800,12600
Защиты ATV и UTV,ATV 800 GT,2011-2012,444.6710.1,шт,9200,8800,12600
Защиты ATV и UTV,ATV 700 GT/600 GT/800 GT MAX,2012-,444.6701.4,шт,9200,8800,12600
Радиатор,ATV 700 GT/600 GT ч.1,,4.6701.4-1,шт,1500,1500,2100
Центр + пороги,ATV 700 GT/600 GT ч.2,,4.6701.4-2,шт,6000,6000,8400
Экран 3,ATV 700 GT/600 GT ч.3,,4.6701.4-3,шт,1700,1700,2500
Передние рычаги,ATV 700 GT/600 GT передние рычаги,,4.6701.4-4,шт,1500,1500,2100
Задние рычаги,ATV 700 GT/600 GT задние рычаги,,4.6701.4-5,шт,1700,1700,2500
Защиты ATV и UTV,ATV 700 Hsun/ 500 H / 450 H ,2010-2011,444.6706.2,шт,9200,8800,12600
Защиты ATV и UTV,ATV 700 Hsun/ 500 H / 450 H,2012-,444.6712.2,шт,8200,8200,12600
Защиты ATV и UTV,ATV 500 GT-1,2010-,444.6704.1,шт,8200,8200,12600
Защиты ATV и UTV,ATV 500 GT ,2010-,444.6707.3,шт,9200,8800,12600
Экран 1,ATV 500 GT 4 мм ч.1,,4.6707.3-1,шт,3900,3700,5200
Экран 2,ATV 500 GT 4 мм ч.2,,4.6707.3-2,шт,1100,1000,1400
Пороги,ATV 500 GT 4 мм ч.3,,4.6707.3-3,шт,3000,3400,4700
Передние рычаги,ATV 500 GT 4 мм передние рычаги,,4.6707.3-4,шт,1200,1100,1100
Задние рычаги,ATV 500 GT 4 мм задние рычаги,,4.6707.3-5,шт,1200,1200,1700
Защиты ATV и UTV,ATV 500 Kazuma ,2010-,444.6708.1,шт,8200,8200,12600
Защиты ATV и UTV,ATV 300 B (4мм),2010-2013,444.6705.1,шт,7000,7000,9900
Площадка для снегоотвала,Stels ATV Leopard 600,2014-,444.6721.2,шт,1000,1000,1500
Площадка для снегоотвала,Stels ATV 700 GT/600 GT/ 800 D,2012-,444.6718.1,шт,1000,1000,1500
Защита для снегохода,Stels Росомаха S800,2014-,444.6723.1,шт,4300,4300,6000
         YAMAHA,,,,,,,
Защиты ATV и UTV,Yamaha ATV Grizzly 700,2014-,444.7108.3,шт,11200,9900,13700
Экран 1,Yamaha ATV Grizzly 700 ч.1,,4.7108.3-1,шт,3150,3150,4100
Экран 2,Yamaha ATV Grizzly 700 ч.2,,4.7108.3-2,шт,5900,5900,7700
Пороги,Yamaha ATV Grizzly 700 ч.3,,4.7108.3-3,шт,4300,4300,5600
Передние рычаги,Yamaha ATV Grizzly 700 передние рычаги,,4.7108.3-4,шт,2580,2580,3350
Задние рычаги,Yamaha ATV Grizzly 700 задние рычаги,,4.7108.3-5,шт,2580,2580,3350
Защиты ATV и UTV,Yamaha ATV Grizzly 700/550,2011-2013,444.7103.2,шт,11200,11200,15500
Кронштейн лебедки ,Yamaha ATV Grizzly 700/550 крепеж для лебедки ,2011-,444.7101.1,шт,900,900,1500
Защиты ATV и UTV,Yamaha ATV Grizzly 550,2011-,444.7118.1,шт,11200,9900,13700
Экран 1,Yamaha ATV Grizzly 550 ч.1,,444.7118.1-1,шт,3150,3150,4100
Экран 2,Yamaha ATV Grizzly 550 ч.2,,444.7118.1-2,шт,5900,5900,7700
Пороги,Yamaha ATV Grizzly 550 ч.3,,444.7118.1-3,шт,4300,4300,5600
Передние рычаги,Yamaha ATV Grizzly 550 передние рычаги,,444.7118.1-4,шт,2580,2580,3350
Задние рычаги,Yamaha ATV Grizzly 550 задние рычаги,,444.7118.1-5,шт,2580,2580,3350
Защиты ATV и UTV,Yamaha ATV Grizzly 350,2011-2012,444.7104.1,шт,7500,7500,10500
Защиты ATV и UTV,Yamaha ATV Grizzly 450,2014-,444.7119.1,шт,10500,9900,13700
Защиты ATV и UTV,Yamaha UTV Rhino (5 частей) AL,2011-,444.7102.1,шт,18000,18000,25200
Радиатор,Yamaha UTV Rhino ч. 1,,4.7102.1-1,шт,2800,2800,3700
Центр + пороги,"Yamaha UTV Rhino ч. 2,4",,"4.7102.1-2,4",шт,13800,13800,14550
Экран 3,Yamaha UTV Rhino ч. 3,,4.7102.1-3,шт,3850,3850,5100
Передние рычаги,Yamaha UTV Rhino передние рычаги,,4.7102.1-5,шт,2700,2700,3050
Задние рычаги,Yamaha UTV Rhino задние рычаги,,4.7102.1-6,шт,3000,3000,3050
Защиты ATV и UTV,"Yamaha UTV Rhino ""Крыша"" AL",2011-,444.7105.1,шт,7900,7900,10900
Защиты ATV и UTV,Yamaha UTV Viking,2013-,444.7112.2,шт,15000,15000,21400
Экран 1,Yamaha UTV Viking  ч.1,,4.7112.2-1,шт,3300,3300,4800
Экран 2,Yamaha UTV Viking  ч.2,,4.7112.2-2,шт,2400,2400,3500
Защита арки,"Yamaha UTV Viking  ч.3,4",,"4.7112.2-3, 4.7112.2-4",шт,5900,5900,8500
Передние рычаги,Yamaha UTV Viking  ч.5,,4.7112.2-5,шт,2700,2700,3900
Задние рычаги,Yamaha UTV Viking  ч.6,,4.7112.2-6,шт,2700,2700,3900
Кронштейн лебедки ,Yamaha UTV Viking,2013-,444.7111.2,шт,1400,1400,2500
Площадка для снегоотвала,Yamaha ATV Grizzly 700/550,,4.0003.2,шт,800,800,1300
Вынос радиатора,Yamaha Grizzly 700,2013-,444.7113.1,шт,7800,7000,9500
YAGUZI,,,,,,,
Защиты ATV и UTV,Yaguzi ATV DF700 (6 частей) AL,2012-,444.8101.1,шт,11500,11500,16100
Радиатор,Yaguzi ATV DF700 ч.1 ,,4.8101.1-1,шт,2230,2230,3150
Экран 2,Yaguzi ATV DF700 ч.2,,4.8101.1-2,шт,1270,1270,1780
Центр + пороги,Yaguzi ATV DF700 ч.3,,4.8101.1-3,шт,4830,4830,6780
Экран 4,Yaguzi ATV DF700 ч.4,,4.8101.1-4,шт,1400,1400,1980
Передние рычаги,Yaguzi ATV DF700 передние рычаги,,4.8101.1-5,шт,1400,1400,1950
Задние рычаги,Yaguzi ATV DF700 задние рычаги,,4.8101.1-6,шт,1470,1470,2050
РУССКАЯ МЕХАНИКА,,,,,,,
Защиты ATV и UTV,RM-Gamax AX 600,2010-,444.7701.1,шт,9800,8800,11900
Радиатор,RM-Gamax AX 600 ч.1,,4.7701.1-1,шт,1500,1500,2400
Центр + пороги,RM-Gamax AX 600 ч.2,,4.7701.1-2,шт,4600,4600,7500
Экран 3,RM-Gamax AX 600 ч.3,,4.7701.1-3,шт,1600,1600,2600
Передние рычаги,RM-Gamax AX 600 передние рычаги,,4.7701.1-4,шт,1600,1600,2600
Задние рычаги,RM-Gamax AX 600 задние рычаги,,4.7701.1-5,шт,1800,1800,2900
Бампер,RM-Gamax AX 600 Бампер,2010-,444.7702.1,шт,3600,3600,5000
Защиты ATV и UTV,RM 500,2011-2012,444.7703.1,шт,9800,8800,11900
Радиатор,RM 500 ч.1,,4.7703.1-1,шт,1850,1850,3000
Центр + пороги,RM 500 ч.2,,4.7703.1-2,шт,3900,3900,6400
Экран 3,RM 500 ч.3,,4.7703.1-3,шт,2250,2250,3700
Передние рычаги,RM 500 передние рычаги,,4.7703.1-4,шт,1250,1250,2100
Задние рычаги,RM 500 задние рычаги,,4.7703.1-5,шт,1700,1700,2800
Бампер,RM 500 Бампер,2011-,444.7704.2,шт,2500,2500,3500
Защиты ATV и UTV,RM 500-2 / 650-2,2014-,444.7707.2,шт,10400,9800,13600
Защиты ATV и UTV,RM 650-1,2015-,444.7715.1,шт,10400,9800,13600
Экран 1,RM 650-1  ч.1,,4.7715.1-1,шт,1300,1300,1900
Экран 2,RM 650-1  ч.2,,4.7715.1-2,шт,1400,1400,2100
Экран 3,RM 650-1  ч.3,,4.7715.1-3,шт,4300,4300,6100
Экран 4,RM 650-1  ч.4,,4.7715.1-4,шт,1800,1800,2600
Передние рычаги,RM 650-1 передние рычаги,,4.7715.1-5,шт,1300,1300,1900
Задние рычаги,RM 650-1 задние рычаги,,4.7715.1-6,шт,1700,1700,2500
Защиты ATV и UTV,RM 500 (2013),2013-,444.7705.3,шт,9900,8800,11900
Бампер,RM 500 ч.1,,4.7705.3-1,шт,1650,1650,2750
Экран 2,RM 500 ч.2,,4.7705.3-2,шт,1800,1800,3000
Центр + пороги,RM 500 ч.3,,4.7705.3-3,шт,3700,3700,6050
Экран 3,RM 500 ч.4,,4.7705.3-4,шт,2300,2300,3750
Передние рычаги,RM 500 передние рычаги,,4.7705.3-5,шт,1300,1300,2150
Задние рычаги,RM 500 задние рычаги,,4.7705.3-6,шт,1650,1650,2750
Защиты ATV и UTV,RM Рысь 500,2014-,444.7706.3,шт,10400,9800,13600
Экран 1,RM Рысь 500 ч.1,,4.7706.3-1,шт,3600,3600,5400
Экран 2,RM Рысь 500 ч.2,,4.7706.3-2,шт,4200,4200,6300
Экран 3,RM Рысь 500 ч.3,,4.7706.3-3,шт,2300,2300,3450
Передние рычаги,RM Рысь 500 Передние рычаги,,4.7706.3-4,шт,1700,1700,2550
Задние рычаги,RM Рысь 500 Задние рычаги,,4.7706.3-5,шт,1700,1700,2550
Защиты ATV и UTV,RM UTV 800,2015-,444.7716.1,шт,,14600,19900
Передние рычаги,RM UTV 800 Передние рычаги,,4.7716.1-5,шт,,1500,2000
Задние рычаги,RM UTV 800 Задние рычаги,,4.7716.1-6,шт,,2100,2700
Защита для снегохода,RM Тайга Варяг 550/Классика/Лидер/Спутник (3мм),2011-,444.7714.1,шт,2600,2600,3600
Площадка для снегоотвала,RM 500 (2013)/ RM 500-2/ RM 500 Рысь,,444.7710.1,шт,1100,1100,1600
YAMAHA (снегоходы),,,,,,,
Защита,Phazer MT-X,2012-,444.7106.1,шт,4800,3500,4800
Радиатор,Phazer MT-X ч.1,,4.7106.1-1,шт,3100,3100,4700
Рычаги,Phazer MT-X рычаги,,4.7106.1-2,шт,3000,3000,4500
Защита,Viking 540 IV,2012-,444.7110.2,шт,6200,6200,8700
,KTM (мото),,,,,,
Защиты Moto,Ktm EXC 500 ,2012-,444.8401.1,шт,4200,4200,6500
,KAWASAKI (мото),,,,,,
Защита,MOTO Kawasaki Versys 1000,2012-,444.6904.1,шт,6300,6300,9200
YAMAHA (мото),,,,,,,
Защита,Yamaha WR 450 F,2012-,444.7122.1,шт,4000,4000,5800
УНИВЕРСАЛЬНЫЙ СНЕГООТВАЛ,,,,,,,
Снегоотвал,Универсальный снегоотвал (Hard),,444.0002.5,шт,11400,9500,12990
Снегоотвал,Универсальный снегоотвал,,444.0010.2,шт,9000,9000,12290
Снегоотвал,Расширитель снегоотвала,,444.0009.2,шт,1200,900,1300
Снегоотвал,Лепесток,,444.0008.1,шт,650,650,1000
Снегоотвал,Лента резиновая,,444.0013.1,шт,500,500,700
Снегоотвал,Опора ковша,,444.0014.1,шт,400,400,600
Площадка для снегоотвала,Универсальная площадка для крепления снегоотвала,,444.0012.1,шт,1800,1800,2500
ТРАСПОРТИРОВКА И ХРАНЕНИЕ СНЕГОХОДОВ,,,,,,,
Трансп. снегоходов,Площадки транспортировочные для снегохода,,444.0011.1,шт,3600,3200,4500
Трансп. снегоходов,Кантователь для снегохода,,444.0006.1,шт,5900,5300,7400
Трансп. снегоходов,Подкат для снегохода,,444.0005.2,шт,4800,4300,6000